-- Customer Table
CREATE TABLE customer (
    customer_id INT PRIMARY KEY,
    first_name VARCHAR(50) NOT NULL,
    last_name VARCHAR(50) NOT NULL,
    phone_number VARCHAR(20),
    date_of_birth DATE
);

INSERT INTO customer (customer_id, first_name, last_name, phone_number, date_of_birth) VALUES
(22, 'Sarah', 'Johnson', '555-0101', '1985-03-15'),
(192, 'Michael', 'Chen', '555-0102', '1990-07-22'),
(201, 'Emily', 'Rodriguez', '555-0103', '1988-11-08'),
(377, 'David', 'Kim', '555-0104', '1992-05-30'),
(420, 'Lisa', 'Anderson', '555-0105', '1987-09-14'),
(510, 'James', 'Wilson', '555-0106', '1991-12-03'),
(845, 'Maria', 'Garcia', '555-0107', '1989-04-18'),
-- Customers with no purchases (for LEFT JOIN testing)
(100, 'Robert', 'Thompson', '555-0201', '1993-06-10'),
(101, 'Jennifer', 'White', '555-0202', '1986-09-25'),
(102, 'Christopher', 'Lee', '555-0203', '1994-02-14'),
(103, 'Amanda', 'Martinez', '555-0204', '1991-11-08'),
(104, 'Daniel', 'Brown', '555-0205', '1989-07-30');

-- Cashier Table
CREATE TABLE cashier (
    cashier_id VARCHAR(20) PRIMARY KEY,
    name VARCHAR(50) NOT NULL
);

INSERT INTO cashier (cashier_id, name) VALUES
('C01', 'John Smith'),
('C02', 'Patricia Brown'),
('C03', 'Robert Taylor'),
('C04', 'Jennifer Martinez'),
('C05', 'William Davis');

-- Product Table
CREATE TABLE product (
    product_id INT PRIMARY KEY,
    description TEXT NOT NULL,
    brand_name VARCHAR(100),
    category VARCHAR(50),
    unit_price DECIMAL(10, 2) NOT NULL
);

INSERT INTO product (product_id, description, brand_name, category, unit_price) VALUES
(1, 'Organic 2% Milk, 2L Carton', 'FreshFarmDairy', 'Dairy', 4.5),
(2, 'Premium Honeycrisp Apples (per lb)', 'MegaMart Select', 'Produce', 0.75),
(3, 'Artisan Sourdough Loaf', 'Bakery Delights', 'Bakery', 3.2),
(4, 'Ethiopian Yirgacheffe Ground Coffee (12oz)', 'Global Roast', 'Beverages', 12.99),
(5, 'Free Range Eggs (Dozen)', 'FreshFarmDairy', 'Dairy', 3.5),
(6, 'Organic Cavendish Bananas (bunch)', 'MegaMart Select', 'Produce', 2.5),
(7, '6-Roll Mega Pack Paper Towels', 'CleanSweep', 'Household', 6.8),
(8, 'Greek Yogurt (Plain, 500g)', 'FreshFarmDairy', 'Dairy', 2.1),
(9, 'Almond Granola Bars (Box of 6)', 'HealthyBite', 'Snacks', 4.3),
(10, 'Chilled Orange Juice (1L)', 'CitrusFresh', 'Beverages', 3.0),
(11, 'Shampoo - Herbal (250ml)', 'NaturalCare', 'Personal Care', 5.6),
(12, 'Toothpaste Mint Gel (150g)', 'SmilePlus', 'Personal Care', 2.99),
(13, 'Organic Spinach (Bag)', 'MegaMart Select', 'Produce', 1.75),
(14, 'BBQ Potato Chips (Large Bag)', 'SnackHub', 'Snacks', 3.49),
(15, 'Whole Wheat Pasta (500g)', 'PastaPerfect', 'Pantry', 2.25),
(16, 'Chocolate Ice Cream (1L)', 'FrostyTreats', 'Frozen', 6.2),
(17, 'Bottled Water (500ml)', 'AquaPure', 'Beverages', 1.0),
(18, 'Laundry Detergent (2L)', 'CleanSweep', 'Household', 8.99),
(19, 'Chocolate Chip Cookies (Box)', 'SweetBite', 'Snacks', 3.75),
(20, 'Organic Brown Rice (1kg)', 'NatureGrain', 'Pantry', 3.99),
(21, 'Frozen Peas (500g)', 'FrostyTreats', 'Frozen', 2.2),
(22, 'Black Tea Bags (50ct)', 'Global Roast', 'Beverages', 4.8),
(23, 'Dishwashing Liquid (750ml)', 'CleanSweep', 'Household', 3.1),
(24, 'Protein Bar (Assorted)', 'HealthyBite', 'Snacks', 1.9),
(25, 'Mozzarella Cheese (250g)', 'FreshFarmDairy', 'Dairy', 4.25),
(26, 'Greek Salad Dressing (Bottle)', 'TasteMaker', 'Condiments', 4.99),
(27, 'Black Olives (Jar)', 'PantryStaple', 'Condiments', 3.5),
(28, 'Frozen Strawberries (500g)', 'FrostyTreats', 'Frozen', 5.75),
(29, 'Whole Bean Espresso (500g)', 'Global Roast', 'Beverages', 18.5),
(30, 'Multi-Surface Cleaner Spray', 'CleanSweep', 'Household', 6.99),
(31, 'Floor Wipes (Pack of 30)', 'CleanSweep', 'Household', 4.1),
(32, '4-Pack Toilet Paper', 'CleanSweep', 'Household', 5.25),
(33, 'Chocolate Milk (1L)', 'FreshFarmDairy', 'Dairy', 3.99),
(34, 'Travel Toothbrush Kit', 'SmilePlus', 'Personal Care', 4.5),
(35, 'Lip Balm (SPF 15)', 'NaturalCare', 'Personal Care', 2.99),
(36, 'Canned Tuna (in Water)', 'PantryStaple', 'Canned Goods', 1.8),
(37, 'Plain White T-shirts (2-Pack)', 'StyleEssential', 'Clothing', 14.99),
(38, 'Organic Baby Carrots (Bag)', 'MegaMart Select', 'Produce', 2.1),
(39, '6-Pack Craft Beer', 'LocalBrew', 'Beverages', 18.99),
(40, 'Whole Wheat Tortillas (Pack)', 'Bakery Delights', 'Bakery', 3.5),
(41, 'Block of Sharp Cheddar', 'FreshFarmDairy', 'Dairy', 5.99),
(42, 'Earbuds (Wired)', 'SoundAway', 'Electronics', 19.99),
(43, 'Frozen Vegetable Medley', 'FrostyTreats', 'Frozen', 3.25),
(44, 'Box of Band-Aids (Assorted)', 'HealthGuard', 'Personal Care', 5.1),
(45, 'Gourmet Ketchup', 'TasteMaker', 'Condiments', 4.25),
(46, 'Bag of Limes (5-pack)', 'MegaMart Select', 'Produce', 3.0),
(47, 'Ground Turkey (1lb)', 'Butcher''sBest', 'Meat', 8.99),
(48, 'Jar of Marinara Sauce', 'PastaPerfect', 'Condiments', 3.75),
(49, 'Magazine: Tech Trends', 'ReadWell', 'Media', 6.99),
(50, 'Hair Conditioner (250ml)', 'NaturalCare', 'Personal Care', 5.6),
(51, 'Bag of Russet Potatoes (5lb)', 'MegaMart Select', 'Produce', 4.0),
(52, 'Multi-grain Cereal (Box)', 'NatureGrain', 'Pantry', 5.49),
(53, 'Gourmet Mustard (Dijon)', 'TasteMaker', 'Condiments', 3.99),
(54, 'Reusable Shopping Bag', 'Accessories', 'Accessories', 1.99),
(55, 'Soda Water (12-pack)', 'BubblyJoy', 'Beverages', 7.99),
(56, 'Laptop Charging Cable', 'SpeedCharge', 'Electronics', 14.99),
(57, 'Canola Oil (1L)', 'KitchenBasics', 'Pantry', 7.5),
(58, 'Body Wash (Lavender)', 'NaturalCare', 'Personal Care', 6.5),
(59, 'Chicken Noodle Soup (Can)', 'QuickHeat', 'Canned Goods', 1.99),
(60, 'Block of Tofu (Firm)', 'SoyGood', 'Produce', 3.55),
(61, 'Vanilla Ice Cream (1L)', 'FrostyTreats', 'Frozen', 6.99),
(62, 'Pre-made Caesar Salad', 'MixItUp', 'Produce', 5.25),
(63, 'Bottled Iced Tea (500ml)', 'CitrusFresh', 'Beverages', 2.5),
(64, 'Liquid Hand Soap (Refill)', 'CleanHands', 'Household', 8.99),
(65, 'Box of Lasagna Noodles', 'PastaPerfect', 'Pantry', 4.15),
(66, 'Fresh Basil (Potted)', 'MegaMart Select', 'Produce', 3.99),
(67, 'Frozen Chicken Strips (Bag)', 'QuickMeal', 'Frozen', 9.5),
(68, 'Baguettes (2-pack)', 'Bakery Delights', 'Bakery', 4.99),
(69, 'White Wine (Pinot Grigio)', 'VinoSelect', 'Beverages', 15.99),
(70, 'Neck Pillow (Memory Foam)', 'ErgoComfort', 'Accessories', 29.99),
(71, 'Whole Wheat Bread (Loaf)', 'Bakery Delights', 'Bakery', 3.75),
(72, 'Jar of Pickles (Dill)', 'CondimentCo', 'Condiments', 2.99),
(73, 'Chocolate Bar (Large, Dark)', 'SweetTreats', 'Snacks', 4.5),
(74, 'Paper Napkins (Pack)', 'CleanSweep', 'Household', 3.99),
(75, 'Ground Beef (1lb)', 'Butcher''sBest', 'Meat', 6.5),
(76, 'Baby Diapers (Small Pack)', 'BabySoft', 'Personal Care', 12.99),
(77, 'Hand Sanitizer Wipes (Travel)', 'CleanGo', 'Personal Care', 3.0),
(78, 'Salted Butter (1lb)', 'FreshFarmDairy', 'Dairy', 4.5),
(79, 'Box of Tissue (Large)', 'CleanSweep', 'Household', 3.99),
(80, 'Organic Blueberries (150g)', 'MegaMart Select', 'Produce', 5.99),
(81, 'Chicken Broth (Carton)', 'QuickHeat', 'Canned Goods', 2.5),
(82, 'Bath Soap Bar (3-pack)', 'NaturalCare', 'Personal Care', 4.99),
(83, 'Red Wine (Merlot, 750ml)', 'VinoSelect', 'Beverages', 14.5),
(84, 'Phone Case (Universal)', 'ProtectTech', 'Accessories', 9.99),
(85, 'Frozen Waffles (Box)', 'QuickMeal', 'Frozen', 4.25),
(86, 'Balsamic Vinegar (500ml)', 'TasteMaker', 'Condiments', 6.99),
(87, 'Trail Mix (Bulk Bag)', 'HealthyBite', 'Snacks', 10.99),
(88, 'Frozen Pizza (Personal)', 'QuickMeal', 'Frozen', 7.99),
(89, 'Bag of Sweet Onions', 'MegaMart Select', 'Produce', 2.75),
(90, 'Gourmet Crackers (Box)', 'SnackHub', 'Snacks', 4.75),
(91, 'Earplugs (Noise Reduction)', 'SoundAway', 'Accessories', 6.5),
(92, 'Dishcloths (3-pack)', 'CleanSweep', 'Household', 4.99),
(93, 'Carton of Half & Half Cream', 'FreshFarmDairy', 'Dairy', 3.25),
(94, 'Bag of Dried Lentils', 'NatureGrain', 'Pantry', 2.55),
(95, 'Shampoo - Volume (250ml)', 'NaturalCare', 'Personal Care', 5.6),
(96, 'Frozen Hash Browns (Bag)', 'QuickMeal', 'Frozen', 3.99),
(97, 'Jar of Mayonnaise (Regular)', 'CondimentCo', 'Condiments', 3.75),
(98, 'Bottled Smoothie (Green)', 'HealthyBite', 'Beverages', 4.99),
(99, 'Loaf of Gluten-Free Bread', 'Bakery Delights', 'Bakery', 6.5),
(100, 'Box of Chocolate Chip Cookies', 'SweetBite', 'Snacks', 3.75),
(101, 'Box of Garbage Bags (Large)', 'CleanSweep', 'Household', 8.99),
(102, 'Bananas (Organic, per lb)', 'MegaMart Select', 'Produce', 0.75),
(103, 'Frozen Shrimp (300g)', 'OceanCatch', 'Frozen', 14.99),
(104, 'Box of Canned Corn', 'PantryStaple', 'Canned Goods', 1.25),
(105, 'Travel-size Tissues (Pack)', 'CleanGo', 'Personal Care', 1.99),
(106, 'Carton of Oat Milk (Unsweet)', 'FreshFarmDairy', 'Dairy', 4.25),
(107, 'Gourmet Coffee Pods (12-pack)', 'QuickBrew', 'Beverages', 7.99),
(108, 'Hair Gel (Medium Hold)', 'StyleEssential', 'Personal Care', 5.5),
(109, 'Avocados (Single)', 'MegaMart Select', 'Produce', 1.5),
(110, 'Dish Soap (Sensitive Skin)', 'CleanSweep', 'Household', 3.5),
(111, 'Box of Brown Sugar', 'PantryStaple', 'Pantry', 3.99),
(112, 'Mini Sewing Kit', 'Accessories', 'Accessories', 3.5),
(113, 'Frozen Vegetable Burgers', 'HealthyBite', 'Frozen', 7.99),
(114, 'Pack of Hot Dogs (Beef)', 'Butcher''sBest', 'Meat', 5.75),
(115, 'Jar of Pesto Sauce', 'TasteMaker', 'Condiments', 5.99),
(116, 'Black Beans (Canned)', 'PantryStaple', 'Canned Goods', 1.1),
(117, 'Whole Chicken (Roaster)', 'Butcher''sBest', 'Meat', 12.99),
(118, 'Lemonade (Carton, 2L)', 'CitrusFresh', 'Beverages', 3.5),
(119, 'Tablet Stand (Folding)', 'ErgoComfort', 'Electronics', 17.99),
(120, 'Bag of Spinach (Organic)', 'MegaMart Select', 'Produce', 4.99),
(121, 'Box of Garbage Bags (Small)', 'CleanSweep', 'Household', 4.99),
(122, 'Frozen Mango Chunks', 'FrostyTreats', 'Frozen', 6.75),
(123, 'Multi-Pack Sponges', 'CleanSweep', 'Household', 4.25),
(124, 'Gourmet Potato Chips (Small)', 'SnackHub', 'Snacks', 2.5),
(125, 'Carton of Orange Juice (Pulp)', 'CitrusFresh', 'Beverages', 3.99),
(126, 'Universal Power Adapter', 'GlobalPower', 'Electronics', 11.99),
(127, 'Frozen Blueberries (Organic)', 'MegaMart Select', 'Frozen', 7.5),
(128, 'Whole Wheat Flour (5lb)', 'NatureGrain', 'Pantry', 5.25),
(129, 'Toothpaste Sensitive (150g)', 'SmilePlus', 'Personal Care', 3.5),
(130, 'Gourmet Coffee Beans (250g)', 'Global Roast', 'Beverages', 12.99),
(131, 'Brown Eggs (Dozen)', 'FreshFarmDairy', 'Dairy', 4.5),
(132, 'Frozen Pizza (Veggie)', 'QuickMeal', 'Frozen', 10.99),
(133, 'Small Travel Umbrella', 'RainAway', 'Accessories', 15.0),
(134, 'Can of Tomato Paste', 'PantryStaple', 'Canned Goods', 0.89),
(135, 'Frozen Green Beans (Bag)', 'FrostyTreats', 'Frozen', 2.5),
(136, 'Box of Whole Wheat Crackers', 'SnackHub', 'Snacks', 3.25),
(137, 'Gourmet Cheese Spread (Jar)', 'TasteMaker', 'Condiments', 5.99),
(138, 'Frozen Green Peas (500g)', 'FrostyTreats', 'Frozen', 2.2),
(139, 'Dishwasher Pods (Large Pack)', 'CleanSweep', 'Household', 15.99),
(140, 'Charging Bank (Portable)', 'PowerUp', 'Electronics', 29.99),
(141, '10-Pack Kitchen Garbage Bags', 'CleanSweep', 'Household', 3.5),
(142, 'Organic Bell Peppers (Red)', 'MegaMart Select', 'Produce', 1.99),
(143, 'Canned Black Olives (Large)', 'PantryStaple', 'Canned Goods', 3.99),
(144, 'Frozen French Fries (Bag)', 'PotatoPalace', 'Frozen', 4.75),
(145, 'Box of Brownie Mix', 'Bakery Delights', 'Pantry', 4.5),
(146, 'Herbal Tea (20 Bags)', 'Global Roast', 'Beverages', 4.1),
(147, 'Travel Hand Lotion (50ml)', 'NaturalCare', 'Personal Care', 4.99),
(148, 'Fresh Cilantro (Bunch)', 'MegaMart Select', 'Produce', 1.5),
(149, 'Goat Cheese Log (4oz)', 'FreshFarmDairy', 'Dairy', 8.99),
(150, 'Large Jar of Peanut Butter', 'PantryStaple', 'Pantry', 6.75),
(151, 'Frozen Shrimp Scampi Meal', 'QuickMeal', 'Frozen', 10.99),
(152, 'Ground Pork (1lb)', 'Butcher''sBest', 'Meat', 5.5),
(153, 'Sparkling Wine (Prosecco)', 'VinoSelect', 'Beverages', 19.99),
(154, 'Deck of Playing Cards', 'GameFun', 'Media', 3.99),
(155, 'Laundry Booster Beads', 'CleanSweep', 'Household', 7.99),
(156, 'Box of Mac & Cheese', 'QuickMeal', 'Pantry', 1.25),
(157, 'Organic Kale (Bag)', 'MegaMart Select', 'Produce', 3.75),
(158, 'Holiday Cookies (Box)', 'SweetBite', 'Bakery', 5.99),
(159, 'Small Jar of Honey', 'PantryStaple', 'Condiments', 4.99),
(160, 'Party Mix Snack (Large)', 'SnackHub', 'Snacks', 6.5),
(161, 'Phone Charger (Wall Cube)', 'SpeedCharge', 'Electronics', 9.99),
(162, 'Frozen Green Beans', 'FrostyTreats', 'Frozen', 2.5),
(163, 'Milk Chocolate Bar (King Size)', 'SweetTreats', 'Snacks', 2.1),
(164, 'Fresh Salmon Fillet (200g)', 'Butcher''sBest', 'Meat', 9.99),
(165, 'Box of Tea Bags (English Breakfast)', 'Global Roast', 'Beverages', 5.99),
(166, 'Earbuds (Wireless)', 'SoundAway', 'Electronics', 49.99),
(167, 'Carton of Almond Milk (Vanilla)', 'FreshFarmDairy', 'Dairy', 4.25),
(168, 'Ground Coffee (French Vanilla)', 'QuickBrew', 'Beverages', 8.5),
(169, 'Paper Plates (Pack of 50)', 'CleanSweep', 'Household', 5.99),
(170, 'Bag of Sweet Potatoes (2lb)', 'MegaMart Select', 'Produce', 3.5),
(171, 'Whole Milk (1L)', 'FreshFarmDairy', 'Dairy', 3.99),
(172, 'Frozen Lasagna (Family Size)', 'QuickMeal', 'Frozen', 15.75),
(173, 'Book (Paperback Fiction)', 'PageTurner', 'Media', 9.99),
(174, 'All-Purpose Flour (5lb)', 'KitchenBasics', 'Pantry', 4.5),
(175, 'Box of Canned Tomatoes', 'PantryStaple', 'Canned Goods', 1.5),
(176, 'Toothpaste Whitening (150g)', 'SmilePlus', 'Personal Care', 4.25),
(177, 'Bag of Trail Mix', 'HealthyBite', 'Snacks', 7.99),
(178, 'Large Jar of Pickles (Sweet)', 'CondimentCo', 'Condiments', 3.5),
(179, 'Portable Hand Warmers (Pair)', 'Accessories', 'Accessories', 8.5),
(180, 'Orange Juice (No Pulp, 2L)', 'CitrusFresh', 'Beverages', 4.99),
(181, 'Whole Wheat Pasta (Penne)', 'PastaPerfect', 'Pantry', 2.5),
(182, 'Pre-cut Pineapple Chunks', 'MegaMart Select', 'Produce', 4.99),
(183, 'Hand Soap (Foaming, Refill)', 'CleanHands', 'Personal Care', 7.99),
(184, 'Organic Brown Eggs (Dozen)', 'FreshFarmDairy', 'Dairy', 5.5),
(185, 'Box of Saltine Crackers', 'SnackHub', 'Snacks', 2.75),
(186, 'Travel Hairbrush', 'NaturalCare', 'Accessories', 6.5),
(187, 'Frozen Turkey Meatballs', 'QuickMeal', 'Frozen', 8.99),
(188, 'Box of Ziplock Bags (Gallon)', 'CleanSweep', 'Household', 4.99),
(189, 'Canned Chickpeas (Low Sodium)', 'PantryStaple', 'Canned Goods', 1.35),
(190, 'Gourmet Hot Sauce (Small)', 'TasteMaker', 'Condiments', 4.5),
(191, 'Frozen Vegetable Stir Fry Mix', 'FrostyTreats', 'Frozen', 5.99),
(192, 'Sparkling Water (Plain, 12-pack)', 'BubblyJoy', 'Beverages', 5.5),
(193, 'Universal Power Strip', 'GlobalPower', 'Electronics', 19.99),
(194, 'Bag of Dried Apricots', 'HealthyBite', 'Pantry', 6.25),
(195, 'Fresh Thyme (Bunch)', 'MegaMart Select', 'Produce', 1.99),
(196, 'Box of Whole Grain Cereal', 'NatureGrain', 'Pantry', 4.99),
(197, 'Beef Sirloin Steak (per lb)', 'Butcher''sBest', 'Meat', 16.5);

-- Cart Table (Transactions)
CREATE TABLE cart (
    purchase_id INT PRIMARY KEY,
    transaction_id INT NOT NULL,
    customer_id INT NOT NULL,
    cashier_id VARCHAR(20) NOT NULL,
    product_id INT NOT NULL,
    quantity INT NOT NULL,
    is_discounted BOOLEAN,
    discount_percent DECIMAL(5, 4),
    promotion_type VARCHAR(100),
    purchase_date DATE NOT NULL,
    purchase_time TIME,
    payment_method VARCHAR(50) NOT NULL,
    store_location VARCHAR(50) NOT NULL,
    FOREIGN KEY (customer_id) REFERENCES customer(customer_id),
    FOREIGN KEY (cashier_id) REFERENCES cashier(cashier_id),
    FOREIGN KEY (product_id) REFERENCES product(product_id)
);

INSERT INTO cart (purchase_id, transaction_id, customer_id, cashier_id, product_id, quantity, is_discounted, discount_percent, promotion_type, purchase_date, purchase_time, payment_method, store_location) VALUES
(1001, 5018, 845, 'C01', 1, 1, FALSE, NULL, NULL, '2025-10-21', '11:30:00', 'Cash', 'Downtown'),
(1002, 5018, 845, 'C01', 2, 6, TRUE, 0.1, 'Loyalty Discount', '2025-10-21', '11:30:00', 'Cash', 'Downtown'),
(1003, 5021, 201, 'C02', 3, 1, FALSE, NULL, NULL, '2025-10-22', '17:45:00', 'Credit Card', 'Mall Side'),
(1004, 5039, 192, 'C03', 4, 1, TRUE, 0.25, 'Weekly Sale', '2025-10-22', '09:15:00', 'App', 'Downtown'),
(1005, 5039, 192, 'C03', 5, 2, FALSE, NULL, NULL, '2025-10-22', '09:15:00', 'App', 'Downtown'),
(1006, 5044, 420, 'C04', 6, 1, FALSE, NULL, NULL, '2025-10-23', '19:05:00', 'Credit Card', 'Mall Side'),
(1007, 5051, 201, 'C02', 7, 1, FALSE, NULL, NULL, '2025-10-23', '16:30:00', 'Credit Card', 'Mall Side'),
(1008, 5063, 377, 'C01', 8, 3, FALSE, NULL, NULL, '2025-10-23', '10:00:00', 'Debit Card', 'Downtown'),
(1009, 5063, 377, 'C01', 9, 1, TRUE, 0.15, 'Loyalty Discount', '2025-10-23', '10:00:00', 'Debit Card', 'Downtown'),
(1010, 5075, 510, 'C05', 10, 2, FALSE, NULL, NULL, '2025-10-24', '07:20:00', 'Credit Card', 'Airport'),
(1011, 5088, 845, 'C01', 11, 1, FALSE, NULL, NULL, '2025-10-24', '18:45:00', 'Cash', 'Downtown'),
(1012, 5088, 845, 'C01', 12, 1, TRUE, 0.1, 'Weekly Sale', '2025-10-24', '18:45:00', 'Cash', 'Downtown'),
(1013, 5094, 420, 'C02', 13, 2, FALSE, NULL, NULL, '2025-10-25', '15:35:00', 'App', 'Mall Side'),
(1014, 5107, 22, 'C03', 14, 1, TRUE, 0.2, 'Weekly Sale', '2025-10-25', '20:15:00', 'Credit Card', 'Downtown'),
(1015, 5113, 377, 'C01', 15, 1, FALSE, NULL, NULL, '2025-10-26', '14:10:00', 'Debit Card', 'Downtown'),
(1016, 5121, 201, 'C02', 16, 1, TRUE, 0.05, 'Loyalty Discount', '2025-10-26', '19:40:00', 'Credit Card', 'Mall Side'),
(1017, 5135, 510, 'C05', 17, 4, FALSE, NULL, NULL, '2025-10-27', '06:50:00', 'Cash', 'Airport'),
(1018, 5149, 192, 'C03', 18, 1, TRUE, 0.3, 'Clearance Sale', '2025-10-27', '12:25:00', 'App', 'Downtown'),
(1019, 5149, 192, 'C03', 19, 1, FALSE, NULL, NULL, '2025-10-27', '12:25:00', 'App', 'Downtown'),
(1020, 5157, 22, 'C01', 20, 1, FALSE, NULL, NULL, '2025-10-28', '16:55:00', 'Credit Card', 'Downtown'),
(1021, 5161, 201, 'C02', 21, 2, FALSE, NULL, NULL, '2025-10-28', '18:10:00', 'Debit Card', 'Mall Side'),
(1022, 5173, 377, 'C01', 22, 1, TRUE, 0.1, 'Seasonal', '2025-10-29', '09:40:00', 'Cash', 'Downtown'),
(1023, 5188, 845, 'C01', 23, 1, FALSE, NULL, NULL, '2025-10-29', '13:50:00', 'Cash', 'Downtown'),
(1024, 5195, 510, 'C05', 24, 3, TRUE, 0.15, 'Loyalty Discount', '2025-10-30', '08:30:00', 'Credit Card', 'Airport'),
(1025, 5204, 420, 'C04', 25, 1, FALSE, NULL, NULL, '2025-10-30', '20:20:00', 'Credit Card', 'Mall Side'),
(1026, 5213, 377, 'C01', 26, 1, FALSE, NULL, NULL, '2025-10-31', '11:00:00', 'Debit Card', 'Downtown'),
(1027, 5213, 377, 'C01', 27, 1, TRUE, 0.1, 'Weekly Sale', '2025-10-31', '11:00:00', 'Debit Card', 'Downtown'),
(1028, 5228, 845, 'C03', 28, 2, FALSE, NULL, NULL, '2025-10-31', '14:20:00', 'Cash', 'Downtown'),
(1029, 5239, 192, 'C03', 29, 1, TRUE, 0.25, 'Clearance Sale', '2025-10-31', '16:15:00', 'Credit Card', 'Downtown'),
(1030, 5241, 201, 'C02', 30, 1, FALSE, NULL, NULL, '2025-10-31', '19:30:00', 'Credit Card', 'Mall Side'),
(1031, 5241, 201, 'C02', 31, 1, TRUE, 0.05, 'Loyalty Discount', '2025-10-31', '19:30:00', 'Credit Card', 'Mall Side'),
(1032, 5254, 420, 'C04', 32, 1, FALSE, NULL, NULL, '2025-11-01', '10:45:00', 'Debit Card', 'Mall Side'),
(1033, 5267, 22, 'C01', 33, 1, FALSE, NULL, NULL, '2025-11-01', '15:55:00', 'Credit Card', 'Downtown'),
(1034, 5275, 510, 'C05', 34, 1, FALSE, NULL, NULL, '2025-11-02', '07:05:00', 'Cash', 'Airport'),
(1035, 5275, 510, 'C05', 35, 1, FALSE, NULL, NULL, '2025-11-02', '07:05:00', 'Cash', 'Airport'),
(1036, 5283, 377, 'C03', 36, 3, TRUE, 0.1, 'Seasonal', '2025-11-02', '11:35:00', 'App', 'Downtown'),
(1037, 5298, 845, 'C01', 37, 1, FALSE, NULL, NULL, '2025-11-02', '15:40:00', 'Debit Card', 'Downtown'),
(1038, 5309, 192, 'C03', 38, 1, FALSE, NULL, NULL, '2025-11-03', '10:25:00', 'Credit Card', 'Downtown'),
(1039, 5311, 201, 'C02', 39, 1, FALSE, NULL, NULL, '2025-11-03', '17:15:00', 'Cash', 'Mall Side'),
(1040, 5324, 420, 'C04', 40, 2, TRUE, 0.2, 'Weekly Sale', '2025-11-03', '20:10:00', 'Credit Card', 'Mall Side'),
(1041, 5337, 22, 'C01', 41, 1, FALSE, NULL, NULL, '2025-11-04', '14:40:00', 'Debit Card', 'Downtown'),
(1042, 5345, 510, 'C05', 42, 1, FALSE, NULL, NULL, '2025-11-04', '06:10:00', 'Credit Card', 'Airport'),
(1043, 5353, 377, 'C03', 43, 1, TRUE, 0.05, 'Loyalty Discount', '2025-11-05', '09:00:00', 'App', 'Downtown'),
(1044, 5368, 845, 'C01', 44, 1, FALSE, NULL, NULL, '2025-11-05', '13:10:00', 'Cash', 'Downtown'),
(1045, 5379, 192, 'C03', 45, 1, TRUE, 0.15, 'Loyalty Discount', '2025-11-05', '15:20:00', 'Debit Card', 'Downtown'),
(1046, 5381, 201, 'C02', 46, 1, FALSE, NULL, NULL, '2025-11-05', '18:35:00', 'Cash', 'Mall Side'),
(1047, 5394, 420, 'C04', 47, 1, FALSE, NULL, NULL, '2025-11-06', '11:50:00', 'Credit Card', 'Mall Side'),
(1048, 5407, 22, 'C01', 48, 2, TRUE, 0.2, 'Weekly Sale', '2025-11-06', '17:00:00', 'Debit Card', 'Downtown'),
(1049, 5415, 510, 'C05', 49, 1, FALSE, NULL, NULL, '2025-11-07', '08:00:00', 'Credit Card', 'Airport'),
(1050, 5423, 377, 'C03', 50, 1, FALSE, NULL, NULL, '2025-11-07', '10:15:00', 'Cash', 'Downtown'),
(1051, 5438, 845, 'C01', 51, 1, TRUE, 0.25, 'Clearance Sale', '2025-11-07', '13:45:00', 'App', 'Downtown'),
(1052, 5449, 192, 'C03', 52, 1, FALSE, NULL, NULL, '2025-11-08', '14:00:00', 'Debit Card', 'Downtown'),
(1053, 5451, 201, 'C02', 53, 1, TRUE, 0.05, 'Loyalty Discount', '2025-11-08', '19:55:00', 'Credit Card', 'Mall Side'),
(1054, 5464, 420, 'C04', 54, 1, FALSE, NULL, NULL, '2025-11-09', '10:30:00', 'Cash', 'Mall Side'),
(1055, 5477, 22, 'C01', 55, 1, FALSE, NULL, NULL, '2025-11-09', '15:10:00', 'Credit Card', 'Downtown'),
(1056, 5485, 510, 'C05', 56, 1, FALSE, NULL, NULL, '2025-11-10', '06:40:00', 'Debit Card', 'Airport'),
(1057, 5493, 377, 'C03', 57, 1, TRUE, 0.1, 'Seasonal', '2025-11-10', '12:05:00', 'Cash', 'Downtown'),
(1058, 5508, 845, 'C01', 58, 1, FALSE, NULL, NULL, '2025-11-10', '14:50:00', 'Credit Card', 'Downtown'),
(1059, 5519, 192, 'C03', 59, 4, TRUE, 0.2, 'Weekly Sale', '2025-11-11', '11:15:00', 'App', 'Downtown'),
(1060, 5521, 201, 'C02', 60, 1, FALSE, NULL, NULL, '2025-11-11', '17:35:00', 'Debit Card', 'Mall Side'),
(1061, 5534, 420, 'C04', 61, 1, FALSE, NULL, NULL, '2025-11-11', '21:00:00', 'Cash', 'Mall Side'),
(1062, 5547, 22, 'C01', 62, 1, TRUE, 0.05, 'Loyalty Discount', '2025-11-12', '16:20:00', 'Credit Card', 'Downtown'),
(1063, 5555, 510, 'C05', 63, 2, FALSE, NULL, NULL, '2025-11-13', '07:15:00', 'Credit Card', 'Airport'),
(1064, 5563, 377, 'C03', 64, 1, FALSE, NULL, NULL, '2025-11-13', '10:40:00', 'Debit Card', 'Downtown'),
(1065, 5578, 845, 'C01', 65, 1, FALSE, NULL, NULL, '2025-11-13', '15:05:00', 'Cash', 'Downtown'),
(1066, 5589, 192, 'C03', 66, 1, TRUE, 0.15, 'Loyalty Discount', '2025-11-14', '12:45:00', 'Credit Card', 'Downtown'),
(1067, 5591, 201, 'C02', 67, 1, FALSE, NULL, NULL, '2025-11-14', '18:00:00', 'App', 'Mall Side'),
(1068, 5604, 420, 'C04', 68, 1, TRUE, 0.3, 'Clearance Sale', '2025-11-15', '11:20:00', 'Debit Card', 'Mall Side'),
(1069, 5617, 22, 'C01', 69, 1, FALSE, NULL, NULL, '2025-11-15', '16:45:00', 'Credit Card', 'Downtown'),
(1070, 5625, 510, 'C05', 70, 1, FALSE, NULL, NULL, '2025-11-16', '06:25:00', 'Cash', 'Airport'),
(1071, 5633, 377, 'C03', 71, 1, TRUE, 0.1, 'Seasonal', '2025-11-16', '13:00:00', 'Credit Card', 'Downtown'),
(1072, 5648, 845, 'C01', 72, 1, FALSE, NULL, NULL, '2025-11-16', '17:50:00', 'Debit Card', 'Downtown'),
(1073, 5659, 192, 'C03', 73, 2, FALSE, NULL, NULL, '2025-11-17', '11:05:00', 'Cash', 'Downtown'),
(1074, 5661, 201, 'C02', 74, 1, TRUE, 0.05, 'Loyalty Discount', '2025-11-17', '18:55:00', 'App', 'Mall Side'),
(1075, 5674, 420, 'C04', 75, 1, FALSE, NULL, NULL, '2025-11-18', '10:15:00', 'Credit Card', 'Mall Side'),
(1076, 5687, 22, 'C01', 76, 1, FALSE, NULL, NULL, '2025-11-18', '15:30:00', 'Debit Card', 'Downtown'),
(1077, 5695, 510, 'C05', 77, 2, FALSE, NULL, NULL, '2025-11-19', '06:00:00', 'Credit Card', 'Airport'),
(1078, 5703, 377, 'C03', 78, 1, TRUE, 0.2, 'Weekly Sale', '2025-11-19', '11:45:00', 'App', 'Downtown'),
(1079, 5718, 845, 'C01', 79, 1, FALSE, NULL, NULL, '2025-11-19', '14:10:00', 'Cash', 'Downtown'),
(1080, 5729, 192, 'C03', 80, 1, TRUE, 0.15, 'Loyalty Discount', '2025-11-20', '10:35:00', 'Debit Card', 'Downtown'),
(1081, 5731, 201, 'C02', 81, 2, FALSE, NULL, NULL, '2025-11-20', '18:40:00', 'Credit Card', 'Mall Side'),
(1082, 5744, 420, 'C04', 82, 1, FALSE, NULL, NULL, '2025-11-21', '11:00:00', 'Debit Card', 'Mall Side'),
(1083, 5757, 22, 'C01', 83, 1, TRUE, 0.3, 'Clearance Sale', '2025-11-21', '16:55:00', 'Cash', 'Downtown'),
(1084, 5765, 510, 'C05', 84, 1, FALSE, NULL, NULL, '2025-11-22', '07:45:00', 'Credit Card', 'Airport'),
(1085, 5773, 377, 'C03', 85, 1, FALSE, NULL, NULL, '2025-11-22', '13:05:00', 'App', 'Downtown'),
(1086, 5788, 845, 'C01', 86, 1, TRUE, 0.1, 'Seasonal', '2025-11-22', '15:20:00', 'Debit Card', 'Downtown'),
(1087, 5799, 192, 'C03', 87, 1, FALSE, NULL, NULL, '2025-11-23', '12:30:00', 'Cash', 'Downtown'),
(1088, 5801, 201, 'C02', 88, 2, FALSE, NULL, NULL, '2025-11-23', '19:45:00', 'Credit Card', 'Mall Side'),
(1089, 5814, 420, 'C04', 89, 1, TRUE, 0.05, 'Loyalty Discount', '2025-11-24', '11:55:00', 'Debit Card', 'Mall Side'),
(1090, 5827, 22, 'C01', 90, 1, FALSE, NULL, NULL, '2025-11-24', '16:10:00', 'Cash', 'Downtown'),
(1091, 5835, 510, 'C05', 91, 1, FALSE, NULL, NULL, '2025-11-25', '06:30:00', 'Credit Card', 'Airport'),
(1092, 5843, 377, 'C03', 92, 1, TRUE, 0.2, 'Weekly Sale', '2025-11-25', '13:40:00', 'App', 'Downtown'),
(1093, 5858, 845, 'C01', 93, 1, FALSE, NULL, NULL, '2025-11-26', '15:50:00', 'Debit Card', 'Downtown'),
(1094, 5869, 192, 'C03', 94, 1, FALSE, NULL, NULL, '2025-11-26', '18:25:00', 'Credit Card', 'Downtown'),
(1095, 5871, 201, 'C02', 95, 1, TRUE, 0.15, 'Loyalty Discount', '2025-11-27', '10:05:00', 'Cash', 'Mall Side'),
(1096, 5884, 420, 'C04', 96, 1, FALSE, NULL, NULL, '2025-11-27', '14:15:00', 'Debit Card', 'Mall Side'),
(1097, 5897, 22, 'C01', 97, 1, FALSE, NULL, NULL, '2025-11-28', '15:00:00', 'Credit Card', 'Downtown'),
(1098, 5905, 510, 'C05', 98, 1, FALSE, NULL, NULL, '2025-11-29', '08:10:00', 'Cash', 'Airport'),
(1099, 5913, 377, 'C03', 99, 1, TRUE, 0.3, 'Clearance Sale', '2025-11-29', '12:20:00', 'App', 'Downtown'),
(1100, 5928, 845, 'C01', 100, 1, FALSE, NULL, NULL, '2025-11-29', '15:45:00', 'Credit Card', 'Downtown'),
(1101, 5939, 192, 'C03', 101, 1, FALSE, NULL, NULL, '2025-11-30', '11:30:00', 'Debit Card', 'Downtown'),
(1102, 5941, 201, 'C02', 102, 2, TRUE, 0.1, 'Seasonal', '2025-11-30', '16:50:00', 'Cash', 'Mall Side'),
(1103, 5954, 420, 'C04', 103, 1, FALSE, NULL, NULL, '2025-12-01', '10:25:00', 'Credit Card', 'Mall Side'),
(1104, 5967, 22, 'C01', 104, 3, TRUE, 0.05, 'Loyalty Discount', '2025-12-01', '15:40:00', 'Debit Card', 'Downtown'),
(1105, 5975, 510, 'C05', 105, 1, FALSE, NULL, NULL, '2025-12-02', '06:15:00', 'Cash', 'Airport'),
(1106, 5983, 377, 'C03', 106, 1, FALSE, NULL, NULL, '2025-12-02', '12:00:00', 'Credit Card', 'Downtown'),
(1107, 5998, 845, 'C01', 107, 1, FALSE, NULL, NULL, '2025-12-02', '14:35:00', 'App', 'Downtown'),
(1108, 6009, 192, 'C03', 108, 1, TRUE, 0.2, 'Weekly Sale', '2025-12-03', '11:50:00', 'Debit Card', 'Downtown'),
(1109, 6011, 201, 'C02', 109, 2, FALSE, NULL, NULL, '2025-12-03', '17:05:00', 'Credit Card', 'Mall Side'),
(1110, 6024, 420, 'C04', 110, 1, FALSE, NULL, NULL, '2025-12-04', '10:40:00', 'Cash', 'Mall Side'),
(1111, 6037, 22, 'C01', 111, 1, TRUE, 0.15, 'Loyalty Discount', '2025-12-04', '15:25:00', 'Debit Card', 'Downtown'),
(1112, 6045, 510, 'C05', 112, 1, FALSE, NULL, NULL, '2025-12-05', '07:20:00', 'Credit Card', 'Airport'),
(1113, 6053, 377, 'C03', 113, 1, FALSE, NULL, NULL, '2025-12-05', '13:15:00', 'Cash', 'Downtown'),
(1114, 6068, 845, 'C01', 114, 1, FALSE, NULL, NULL, '2025-12-05', '16:00:00', 'App', 'Downtown'),
(1115, 6079, 192, 'C03', 115, 1, TRUE, 0.3, 'Clearance Sale', '2025-12-06', '11:25:00', 'Debit Card', 'Downtown'),
(1116, 6081, 201, 'C02', 116, 3, FALSE, NULL, NULL, '2025-12-06', '17:50:00', 'Credit Card', 'Mall Side'),
(1117, 6094, 420, 'C04', 117, 1, FALSE, NULL, NULL, '2025-12-07', '10:00:00', 'Cash', 'Mall Side'),
(1118, 6107, 22, 'C01', 118, 1, TRUE, 0.1, 'Seasonal', '2025-12-07', '15:15:00', 'Debit Card', 'Downtown'),
(1119, 6115, 510, 'C05', 119, 1, FALSE, NULL, NULL, '2025-12-08', '07:00:00', 'Credit Card', 'Airport'),
(1120, 6123, 377, 'C03', 120, 1, FALSE, NULL, NULL, '2025-12-08', '13:30:00', 'Cash', 'Downtown'),
(1121, 6138, 845, 'C01', 121, 1, FALSE, NULL, NULL, '2025-12-08', '16:20:00', 'App', 'Downtown'),
(1122, 6149, 192, 'C03', 122, 1, TRUE, 0.05, 'Loyalty Discount', '2025-12-09', '11:40:00', 'Debit Card', 'Downtown'),
(1123, 6151, 201, 'C02', 123, 1, FALSE, NULL, NULL, '2025-12-09', '18:00:00', 'Credit Card', 'Mall Side'),
(1124, 6164, 420, 'C04', 124, 2, TRUE, 0.2, 'Weekly Sale', '2025-12-10', '10:10:00', 'Cash', 'Mall Side'),
(1125, 6177, 22, 'C01', 125, 1, FALSE, NULL, NULL, '2025-12-10', '15:50:00', 'Debit Card', 'Downtown'),
(1126, 6185, 510, 'C05', 126, 1, FALSE, NULL, NULL, '2025-12-11', '08:35:00', 'Credit Card', 'Airport'),
(1127, 6193, 377, 'C03', 127, 1, FALSE, NULL, NULL, '2025-12-11', '14:00:00', 'Cash', 'Downtown'),
(1128, 6208, 845, 'C01', 128, 1, TRUE, 0.15, 'Loyalty Discount', '2025-12-11', '16:30:00', 'Debit Card', 'Downtown'),
(1129, 6219, 192, 'C03', 129, 1, FALSE, NULL, NULL, '2025-12-12', '11:10:00', 'Credit Card', 'Downtown'),
(1130, 6221, 201, 'C02', 130, 1, TRUE, 0.3, 'Clearance Sale', '2025-12-12', '18:25:00', 'App', 'Mall Side'),
(1131, 6234, 420, 'C04', 131, 1, FALSE, NULL, NULL, '2025-12-13', '10:55:00', 'Debit Card', 'Mall Side'),
(1132, 6247, 22, 'C01', 132, 1, FALSE, NULL, NULL, '2025-12-13', '16:40:00', 'Cash', 'Downtown'),
(1133, 6255, 510, 'C05', 133, 1, FALSE, NULL, NULL, '2025-12-14', '07:10:00', 'Credit Card', 'Airport'),
(1134, 6263, 377, 'C03', 134, 2, TRUE, 0.1, 'Seasonal', '2025-12-14', '12:50:00', 'Debit Card', 'Downtown'),
(1135, 6278, 845, 'C01', 135, 1, FALSE, NULL, NULL, '2025-12-14', '15:35:00', 'Credit Card', 'Downtown'),
(1136, 6289, 192, 'C03', 136, 1, TRUE, 0.2, 'Weekly Sale', '2025-12-15', '11:00:00', 'Cash', 'Downtown'),
(1137, 6291, 201, 'C02', 137, 1, FALSE, NULL, NULL, '2025-12-15', '17:30:00', 'Debit Card', 'Mall Side'),
(1138, 6304, 420, 'C04', 138, 1, FALSE, NULL, NULL, '2025-12-16', '10:45:00', 'Credit Card', 'Mall Side'),
(1139, 6317, 22, 'C01', 139, 1, TRUE, 0.05, 'Loyalty Discount', '2025-12-16', '15:00:00', 'App', 'Downtown'),
(1140, 6325, 510, 'C05', 140, 1, FALSE, NULL, NULL, '2025-12-17', '07:40:00', 'Cash', 'Airport'),
(1141, 6333, 377, 'C03', 141, 2, FALSE, NULL, NULL, '2025-12-17', '13:25:00', 'Debit Card', 'Downtown'),
(1142, 6348, 845, 'C01', 142, 2, TRUE, 0.1, 'Seasonal', '2025-12-17', '16:10:00', 'Credit Card', 'Downtown'),
(1143, 6359, 192, 'C03', 143, 1, FALSE, NULL, NULL, '2025-12-18', '11:35:00', 'Cash', 'Downtown'),
(1144, 6361, 201, 'C02', 144, 1, FALSE, NULL, NULL, '2025-12-18', '17:55:00', 'App', 'Mall Side'),
(1145, 6374, 420, 'C04', 145, 1, TRUE, 0.25, 'Clearance Sale', '2025-12-19', '10:20:00', 'Debit Card', 'Mall Side'),
(1146, 6387, 22, 'C01', 146, 1, FALSE, NULL, NULL, '2025-12-19', '15:45:00', 'Credit Card', 'Downtown'),
(1147, 6395, 510, 'C05', 147, 1, FALSE, NULL, NULL, '2025-12-20', '06:15:00', 'Cash', 'Airport'),
(1148, 6403, 377, 'C03', 148, 1, FALSE, NULL, NULL, '2025-12-20', '12:00:00', 'Debit Card', 'Downtown'),
(1149, 6418, 845, 'C01', 149, 1, TRUE, 0.05, 'Loyalty Discount', '2025-12-20', '14:40:00', 'Credit Card', 'Downtown'),
(1150, 6429, 192, 'C03', 150, 1, FALSE, NULL, NULL, '2025-12-21', '11:50:00', 'App', 'Downtown'),
(1151, 6431, 201, 'C02', 151, 1, FALSE, NULL, NULL, '2025-12-21', '18:05:00', 'Debit Card', 'Mall Side'),
(1152, 6444, 420, 'C04', 152, 1, TRUE, 0.1, 'Weekly Sale', '2025-12-22', '10:30:00', 'Cash', 'Mall Side'),
(1153, 6457, 22, 'C01', 153, 1, FALSE, NULL, NULL, '2025-12-22', '16:00:00', 'Credit Card', 'Downtown'),
(1154, 6465, 510, 'C05', 154, 1, FALSE, NULL, NULL, '2025-12-23', '07:00:00', 'Debit Card', 'Airport'),
(1155, 6473, 377, 'C03', 155, 1, FALSE, NULL, NULL, '2025-12-23', '13:10:00', 'Cash', 'Downtown'),
(1156, 6488, 845, 'C01', 156, 3, TRUE, 0.15, 'Loyalty Discount', '2025-12-23', '15:55:00', 'App', 'Downtown'),
(1157, 6499, 192, 'C03', 157, 1, FALSE, NULL, NULL, '2025-12-24', '11:20:00', 'Credit Card', 'Downtown'),
(1158, 6501, 201, 'C02', 158, 1, FALSE, NULL, NULL, '2025-12-24', '18:30:00', 'Cash', 'Mall Side'),
(1159, 6514, 420, 'C04', 159, 1, TRUE, 0.3, 'Clearance Sale', '2025-12-25', '10:05:00', 'Debit Card', 'Mall Side'),
(1160, 6527, 22, 'C01', 160, 1, FALSE, NULL, NULL, '2025-12-26', '15:15:00', 'Credit Card', 'Downtown'),
(1161, 6535, 510, 'C05', 161, 1, FALSE, NULL, NULL, '2025-12-27', '06:45:00', 'Cash', 'Airport'),
(1162, 6543, 377, 'C03', 162, 1, FALSE, NULL, NULL, '2025-12-27', '13:00:00', 'Debit Card', 'Downtown'),
(1163, 6558, 845, 'C01', 163, 2, TRUE, 0.1, 'Seasonal', '2025-12-27', '16:30:00', 'Credit Card', 'Downtown'),
(1164, 6569, 192, 'C03', 103, 1, FALSE, NULL, NULL, '2025-12-28', '11:45:00', 'App', 'Downtown'),
(1165, 6571, 201, 'C02', 99, 1, FALSE, NULL, NULL, '2025-12-28', '18:15:00', 'Debit Card', 'Mall Side'),
(1166, 6584, 420, 'C04', 164, 1, TRUE, 0.05, 'Loyalty Discount', '2025-12-29', '10:50:00', 'Cash', 'Mall Side'),
(1167, 6597, 22, 'C01', 165, 1, FALSE, NULL, NULL, '2025-12-29', '15:35:00', 'Credit Card', 'Downtown'),
(1168, 6605, 510, 'C05', 166, 1, FALSE, NULL, NULL, '2025-12-30', '08:20:00', 'Debit Card', 'Airport'),
(1169, 6613, 377, 'C03', 167, 1, TRUE, 0.2, 'Weekly Sale', '2025-12-30', '13:40:00', 'Cash', 'Downtown'),
(1170, 6628, 845, 'C01', 168, 1, FALSE, NULL, NULL, '2025-12-30', '17:00:00', 'Credit Card', 'Downtown'),
(1171, 6639, 192, 'C03', 169, 1, FALSE, NULL, NULL, '2025-12-31', '11:15:00', 'App', 'Downtown'),
(1172, 6641, 201, 'C02', 170, 1, TRUE, 0.15, 'Loyalty Discount', '2025-12-31', '18:50:00', 'Debit Card', 'Mall Side'),
(1173, 6654, 420, 'C04', 171, 1, FALSE, NULL, NULL, '2026-01-01', '10:20:00', 'Cash', 'Mall Side'),
(1174, 6667, 22, 'C01', 172, 1, FALSE, NULL, NULL, '2026-01-01', '15:00:00', 'Credit Card', 'Downtown'),
(1175, 6675, 510, 'C05', 173, 1, FALSE, NULL, NULL, '2026-01-02', '07:30:00', 'Debit Card', 'Airport'),
(1176, 6683, 377, 'C03', 174, 1, TRUE, 0.3, 'Clearance Sale', '2026-01-02', '12:45:00', 'Cash', 'Downtown'),
(1177, 6698, 845, 'C01', 175, 2, FALSE, NULL, NULL, '2026-01-02', '16:50:00', 'Credit Card', 'Downtown'),
(1178, 6709, 192, 'C03', 176, 1, FALSE, NULL, NULL, '2026-01-03', '11:05:00', 'App', 'Downtown'),
(1179, 6711, 201, 'C02', 177, 1, TRUE, 0.1, 'Seasonal', '2026-01-03', '17:40:00', 'Debit Card', 'Mall Side'),
(1180, 6724, 420, 'C04', 123, 1, FALSE, NULL, NULL, '2026-01-04', '10:15:00', 'Credit Card', 'Mall Side'),
(1181, 6737, 22, 'C01', 178, 1, FALSE, NULL, NULL, '2026-01-04', '15:20:00', 'Cash', 'Downtown'),
(1182, 6745, 510, 'C05', 179, 1, FALSE, NULL, NULL, '2026-01-05', '06:05:00', 'Debit Card', 'Airport'),
(1183, 6753, 377, 'C03', 180, 1, TRUE, 0.05, 'Loyalty Discount', '2026-01-05', '13:00:00', 'Credit Card', 'Downtown'),
(1184, 6768, 845, 'C01', 181, 2, FALSE, NULL, NULL, '2026-01-05', '16:40:00', 'App', 'Downtown'),
(1185, 6779, 192, 'C03', 182, 1, FALSE, NULL, NULL, '2026-01-06', '11:20:00', 'Debit Card', 'Downtown'),
(1186, 6781, 201, 'C02', 183, 1, TRUE, 0.2, 'Weekly Sale', '2026-01-06', '18:00:00', 'Credit Card', 'Mall Side'),
(1187, 6794, 420, 'C04', 184, 1, FALSE, NULL, NULL, '2026-01-07', '10:35:00', 'Cash', 'Mall Side'),
(1188, 6807, 22, 'C01', 185, 1, FALSE, NULL, NULL, '2026-01-07', '15:55:00', 'Debit Card', 'Downtown'),
(1189, 6815, 510, 'C05', 186, 1, FALSE, NULL, NULL, '2026-01-08', '07:15:00', 'Credit Card', 'Airport'),
(1190, 6823, 377, 'C03', 187, 1, TRUE, 0.15, 'Loyalty Discount', '2026-01-08', '13:10:00', 'Cash', 'Downtown'),
(1191, 6838, 845, 'C01', 188, 1, FALSE, NULL, NULL, '2026-01-09', '16:20:00', 'Debit Card', 'Downtown'),
(1192, 6849, 192, 'C03', 189, 3, FALSE, NULL, NULL, '2026-01-10', '11:45:00', 'Credit Card', 'Downtown'),
(1193, 6851, 201, 'C02', 190, 1, FALSE, NULL, NULL, '2026-01-10', '17:50:00', 'App', 'Mall Side'),
(1194, 6864, 420, 'C04', 191, 1, TRUE, 0.3, 'Clearance Sale', '2026-01-11', '10:00:00', 'Debit Card', 'Mall Side'),
(1195, 6877, 22, 'C01', 192, 1, FALSE, NULL, NULL, '2026-01-11', '15:30:00', 'Cash', 'Downtown'),
(1196, 6885, 510, 'C05', 193, 1, FALSE, NULL, NULL, '2026-01-12', '07:00:00', 'Credit Card', 'Airport'),
(1197, 6893, 377, 'C03', 194, 1, TRUE, 0.1, 'Seasonal', '2026-01-12', '13:05:00', 'Debit Card', 'Downtown'),
(1198, 6908, 845, 'C01', 195, 1, FALSE, NULL, NULL, '2026-01-12', '15:45:00', 'Credit Card', 'Downtown'),
(1199, 6919, 192, 'C03', 196, 1, FALSE, NULL, NULL, '2026-01-13', '11:10:00', 'Cash', 'Downtown'),
(1200, 6921, 201, 'C02', 197, 1, TRUE, 0.05, 'Loyalty Discount', '2026-01-13', '17:25:00', 'App', 'Mall Side'),
-- Additional purchases to satisfy HAVING COUNT > 5 requirement
(1201, 7001, 22, 'C01', 1, 2, FALSE, NULL, NULL, '2026-01-14', '09:00:00', 'Credit Card', 'Downtown'),
(1202, 7002, 192, 'C03', 1, 1, FALSE, NULL, NULL, '2026-01-14', '10:15:00', 'Debit Card', 'Downtown'),
(1203, 7003, 201, 'C02', 1, 1, TRUE, 0.1, 'Weekly Sale', '2026-01-15', '11:30:00', 'Credit Card', 'Mall Side'),
(1204, 7004, 377, 'C03', 1, 2, FALSE, NULL, NULL, '2026-01-15', '14:20:00', 'Cash', 'Downtown'),
(1205, 7005, 420, 'C04', 1, 1, FALSE, NULL, NULL, '2026-01-16', '16:45:00', 'Debit Card', 'Mall Side'),
(1206, 7006, 510, 'C05', 1, 1, FALSE, NULL, NULL, '2026-01-17', '08:00:00', 'Credit Card', 'Airport'),
(1207, 7007, 845, 'C01', 1, 1, FALSE, NULL, NULL, '2026-01-18', '12:30:00', 'Cash', 'Downtown'),
(1208, 7008, 22, 'C01', 2, 3, FALSE, NULL, NULL, '2026-01-14', '09:15:00', 'Credit Card', 'Downtown'),
(1209, 7009, 192, 'C03', 2, 2, TRUE, 0.15, 'Loyalty Discount', '2026-01-14', '10:30:00', 'Debit Card', 'Downtown'),
(1210, 7010, 201, 'C02', 2, 4, FALSE, NULL, NULL, '2026-01-15', '11:45:00', 'Credit Card', 'Mall Side'),
(1211, 7011, 377, 'C03', 2, 2, FALSE, NULL, NULL, '2026-01-15', '14:35:00', 'Cash', 'Downtown'),
(1212, 7012, 420, 'C04', 2, 3, TRUE, 0.1, 'Weekly Sale', '2026-01-16', '17:00:00', 'Debit Card', 'Mall Side'),
(1213, 7013, 510, 'C05', 2, 2, FALSE, NULL, NULL, '2026-01-17', '08:15:00', 'Credit Card', 'Airport'),
(1214, 7014, 845, 'C01', 2, 1, FALSE, NULL, NULL, '2026-01-18', '12:45:00', 'Cash', 'Downtown'),
(1215, 7015, 22, 'C01', 3, 1, FALSE, NULL, NULL, '2026-01-14', '09:30:00', 'Credit Card', 'Downtown'),
(1216, 7016, 192, 'C03', 3, 1, FALSE, NULL, NULL, '2026-01-14', '10:45:00', 'Debit Card', 'Downtown'),
(1217, 7017, 201, 'C02', 3, 2, TRUE, 0.05, 'Loyalty Discount', '2026-01-15', '12:00:00', 'Credit Card', 'Mall Side'),
(1218, 7018, 377, 'C03', 3, 1, FALSE, NULL, NULL, '2026-01-15', '14:50:00', 'Cash', 'Downtown'),
(1219, 7019, 420, 'C04', 3, 1, FALSE, NULL, NULL, '2026-01-16', '17:15:00', 'Debit Card', 'Mall Side'),
(1220, 7020, 510, 'C05', 3, 1, FALSE, NULL, NULL, '2026-01-17', '08:30:00', 'Credit Card', 'Airport'),
(1221, 7021, 845, 'C01', 3, 1, FALSE, NULL, NULL, '2026-01-18', '13:00:00', 'Cash', 'Downtown'),
(1222, 7022, 22, 'C01', 5, 1, FALSE, NULL, NULL, '2026-01-14', '09:45:00', 'Credit Card', 'Downtown'),
(1223, 7023, 192, 'C03', 5, 2, FALSE, NULL, NULL, '2026-01-14', '11:00:00', 'Debit Card', 'Downtown'),
(1224, 7024, 201, 'C02', 5, 1, FALSE, NULL, NULL, '2026-01-15', '12:15:00', 'Credit Card', 'Mall Side'),
(1225, 7025, 377, 'C03', 5, 1, TRUE, 0.1, 'Weekly Sale', '2026-01-15', '15:05:00', 'Cash', 'Downtown'),
(1226, 7026, 420, 'C04', 5, 2, FALSE, NULL, NULL, '2026-01-16', '17:30:00', 'Debit Card', 'Mall Side'),
(1227, 7027, 510, 'C05', 5, 1, FALSE, NULL, NULL, '2026-01-17', '08:45:00', 'Credit Card', 'Airport'),
(1228, 7028, 845, 'C01', 5, 1, FALSE, NULL, NULL, '2026-01-18', '13:15:00', 'Cash', 'Downtown'),
(1229, 7029, 22, 'C01', 17, 2, FALSE, NULL, NULL, '2026-01-14', '10:00:00', 'Credit Card', 'Downtown'),
(1230, 7030, 192, 'C03', 17, 3, FALSE, NULL, NULL, '2026-01-14', '11:15:00', 'Debit Card', 'Downtown'),
(1231, 7031, 201, 'C02', 17, 2, FALSE, NULL, NULL, '2026-01-15', '12:30:00', 'Credit Card', 'Mall Side'),
(1232, 7032, 377, 'C03', 17, 4, TRUE, 0.05, 'Loyalty Discount', '2026-01-15', '15:20:00', 'Cash', 'Downtown'),
(1233, 7033, 420, 'C04', 17, 2, FALSE, NULL, NULL, '2026-01-16', '17:45:00', 'Debit Card', 'Mall Side'),
(1234, 7034, 510, 'C05', 17, 3, FALSE, NULL, NULL, '2026-01-17', '09:00:00', 'Credit Card', 'Airport'),
(1235, 7035, 845, 'C01', 17, 2, FALSE, NULL, NULL, '2026-01-18', '13:30:00', 'Cash', 'Downtown'),
-- Additional purchases for repeat product purchases (same customer, same product, different dates)
-- Customer 22 buying product 1 (Milk) multiple times
(1236, 8001, 22, 'C01', 1, 1, FALSE, NULL, NULL, '2026-01-19', '10:00:00', 'Credit Card', 'Downtown'),
(1237, 8002, 22, 'C01', 1, 2, FALSE, NULL, NULL, '2026-01-25', '14:30:00', 'Debit Card', 'Downtown'),
(1238, 8003, 22, 'C01', 1, 1, TRUE, 0.1, 'Weekly Sale', '2026-02-01', '11:15:00', 'Credit Card', 'Downtown'),
-- Customer 192 buying product 4 (Coffee) multiple times
(1239, 8004, 192, 'C03', 4, 1, FALSE, NULL, NULL, '2026-01-20', '09:30:00', 'App', 'Downtown'),
(1240, 8005, 192, 'C03', 4, 1, TRUE, 0.15, 'Loyalty Discount', '2026-01-27', '15:45:00', 'Credit Card', 'Downtown'),
(1241, 8006, 192, 'C03', 4, 1, FALSE, NULL, NULL, '2026-02-03', '10:20:00', 'Debit Card', 'Downtown'),
-- Customer 201 buying product 8 (Greek Yogurt) multiple times
(1242, 8007, 201, 'C02', 8, 2, FALSE, NULL, NULL, '2026-01-21', '16:00:00', 'Credit Card', 'Mall Side'),
(1243, 8008, 201, 'C02', 8, 3, FALSE, NULL, NULL, '2026-01-28', '17:30:00', 'Credit Card', 'Mall Side'),
(1244, 8009, 201, 'C02', 8, 2, TRUE, 0.05, 'Loyalty Discount', '2026-02-04', '18:00:00', 'Debit Card', 'Mall Side'),
-- Customer 377 buying product 17 (Bottled Water) multiple times
(1245, 8010, 377, 'C03', 17, 4, FALSE, NULL, NULL, '2026-01-22', '08:15:00', 'Cash', 'Downtown'),
(1246, 8011, 377, 'C03', 17, 6, FALSE, NULL, NULL, '2026-01-29', '09:00:00', 'App', 'Downtown'),
(1247, 8012, 377, 'C03', 17, 5, TRUE, 0.1, 'Weekly Sale', '2026-02-05', '10:30:00', 'Debit Card', 'Downtown'),
-- Customer 420 buying product 3 (Bread) multiple times
(1248, 8013, 420, 'C04', 3, 1, FALSE, NULL, NULL, '2026-01-23', '19:00:00', 'Credit Card', 'Mall Side'),
(1249, 8014, 420, 'C04', 3, 1, FALSE, NULL, NULL, '2026-01-30', '20:15:00', 'Debit Card', 'Mall Side'),
(1250, 8015, 420, 'C04', 3, 2, TRUE, 0.2, 'Weekly Sale', '2026-02-06', '18:45:00', 'Credit Card', 'Mall Side'),
-- Customer 510 buying product 5 (Eggs) multiple times
(1251, 8016, 510, 'C05', 5, 1, FALSE, NULL, NULL, '2026-01-24', '07:30:00', 'Credit Card', 'Airport'),
(1252, 8017, 510, 'C05', 5, 2, FALSE, NULL, NULL, '2026-01-31', '08:00:00', 'Cash', 'Airport'),
(1253, 8018, 510, 'C05', 5, 1, FALSE, NULL, NULL, '2026-02-07', '06:45:00', 'Debit Card', 'Airport'),
-- Customer 845 buying product 2 (Apples) multiple times
(1254, 8019, 845, 'C01', 2, 3, FALSE, NULL, NULL, '2026-01-25', '12:00:00', 'Cash', 'Downtown'),
(1255, 8020, 845, 'C01', 2, 4, TRUE, 0.1, 'Seasonal', '2026-02-01', '13:20:00', 'Credit Card', 'Downtown'),
(1256, 8021, 845, 'C01', 2, 2, FALSE, NULL, NULL, '2026-02-08', '14:00:00', 'Debit Card', 'Downtown');
